Country Name,Country Code,Series Name,Series Code,2009 [YR2009],2010 [YR2010],2011 [YR2011],2012 [YR2012],2013 [YR2013],2014 [YR2014],2015 [YR2015],2016 [YR2016],2017 [YR2017],2018 [YR2018]
Afghanistan,AFG,"Unemployment, female (% of female labor force) (national estimate)",SL.UEM.TOTL.FE.NE.ZS,..,..,..,3.332600117,..,..,..,..,14.02690029,..
Albania,ALB,"Unemployment, female (% of female labor force) (national estimate)",SL.UEM.TOTL.FE.NE.ZS,15.64350033,15.84379959,13.7531004,11.48939991,13.4357996,15.21000004,17.10000038,..,12.57999992,..
Algeria,DZA,"Unemployment, female (% of female labor force) (national estimate)",SL.UEM.TOTL.FE.NE.ZS,18.10000038,19.10000038,..,16.98999977,16.29999924,15.58199978,16.56599998,18.24729919,26.22999954,..
American Samoa,ASM,"Unemployment, female (% of female labor force) (national estimate)",SL.UEM.TOTL.FE.NE.ZS,..,..,..,..,..,..,..,..,..,..
Andorra,AND,"Unemployment, female (% of female labor force) (national estimate)",SL.UEM.TOTL.FE.NE.ZS,..,..,..,..,..,..,..,..,..,..
Angola,AGO,"Unemployment, female (% of female labor force) (national estimate)",SL.UEM.TOTL.FE.NE.ZS,2.82069993,10.86999989,..,..,..,..,..,..,..,..
Antigua and Barbuda,ATG,"Unemployment, female (% of female labor force) (national estimate)",SL.UEM.TOTL.FE.NE.ZS,..,..,..,..,..,..,..,..,..,..
Argentina,ARG,"Unemployment, female (% of female labor force) (national estimate)",SL.UEM.TOTL.FE.NE.ZS,9.831299782,..,..,..,..,..,..,..,9.446299553,10.50829983
Armenia,ARM,"Unemployment, female (% of female labor force) (national estimate)",SL.UEM.TOTL.FE.NE.ZS,19.66589928,21.23360062,..,18.15060043,18.07060051,..,..,..,..,..
Aruba,ABW,"Unemployment, female (% of female labor force) (national estimate)",SL.UEM.TOTL.FE.NE.ZS,..,10.43000031,7.800000191,..,..,..,..,..,..,..
Australia,AUS,"Unemployment, female (% of female labor force) (national estimate)",SL.UEM.TOTL.FE.NE.ZS,5.401000023,5.375500202,5.303999901,5.325099945,5.609300137,6.17140007,6.072400093,5.778399944,5.667099953,5.317900181
Austria,AUT,"Unemployment, female (% of female labor force) (national estimate)",SL.UEM.TOTL.FE.NE.ZS,5.086299896,4.630000114,4.583899975,4.786499977,5.294400215,5.382999897,5.310100079,5.544300079,5.032999992,4.651199818
Azerbaijan,AZE,"Unemployment, female (% of female labor force) (national estimate)",SL.UEM.TOTL.FE.NE.ZS,6.579999924,6.909999847,6.449999809,6.090000153,5.949999809,5.840000153,5.869999886,6,5.900000095,5.800000191
"Bahamas, The",BHS,"Unemployment, female (% of female labor force) (national estimate)",SL.UEM.TOTL.FE.NE.ZS,14.03999996,..,15.31000042,13.97000027,16.26000023,14.60000038,12.89999962,14.5,..,..
Bahrain,BHR,"Unemployment, female (% of female labor force) (national estimate)",SL.UEM.TOTL.FE.NE.ZS,..,3.680000067,..,3.880000114,..,..,..,..,..,..
Bangladesh,BGD,"Unemployment, female (% of female labor force) (national estimate)",SL.UEM.TOTL.FE.NE.ZS,7.400000095,4.358300209,..,..,7.414000034,..,..,7.289999962,6.680900097,..
Barbados,BRB,"Unemployment, female (% of female labor force) (national estimate)",SL.UEM.TOTL.FE.NE.ZS,9.890000343,10.47000027,12.63000011,12.27000046,11.43000031,12.77999973,10.31999969,10.01000023,..,..
Belarus,BLR,"Unemployment, female (% of female labor force) (national estimate)",SL.UEM.TOTL.FE.NE.ZS,4.599999905,..,0.600000024,0.5,0.400000006,0.400000006,0.699999988,4.190000057,4.039999962,3.559999943
Belgium,BEL,"Unemployment, female (% of female labor force) (national estimate)",SL.UEM.TOTL.FE.NE.ZS,8.105500221,8.515500069,7.179800034,7.409599781,8.170499802,7.941100121,7.769199848,7.560900211,7.053999901,5.564400196
Belize,BLZ,"Unemployment, female (% of female labor force) (national estimate)",SL.UEM.TOTL.FE.NE.ZS,..,..,..,..,12.5916996,14.01599979,11.07439995,11.13700008,9.808099747,..
Benin,BEN,"Unemployment, female (% of female labor force) (national estimate)",SL.UEM.TOTL.FE.NE.ZS,..,1.139999986,2.859100103,..,..,..,..,..,..,..
Bermuda,BMU,"Unemployment, female (% of female labor force) (national estimate)",SL.UEM.TOTL.FE.NE.ZS,3.00999999,5.96999979,..,8.170000076,5.559999943,8.050000191,..,..,..,..
Bhutan,BTN,"Unemployment, female (% of female labor force) (national estimate)",SL.UEM.TOTL.FE.NE.ZS,5.349999905,3.970000029,4.539999962,2.200000048,3.700000048,3.49000001,3.150000095,..,..,..
Bolivia,BOL,"Unemployment, female (% of female labor force) (national estimate)",SL.UEM.TOTL.FE.NE.ZS,3.435199976,..,2.657299995,2.763400078,2.948999882,2.816299915,3.77850008,..,..,3.626499891
Bosnia and Herzegovina,BIH,"Unemployment, female (% of female labor force) (national estimate)",SL.UEM.TOTL.FE.NE.ZS,25.64299965,29.92840004,29.9409008,30.66410065,28.94000053,31.16609955,30.69409943,30.04859924,23.13479996,20.32600021
Botswana,BWA,"Unemployment, female (% of female labor force) (national estimate)",SL.UEM.TOTL.FE.NE.ZS,19.5970993,21.43000031,..,..,..,..,..,..,..,..
Brazil,BRA,"Unemployment, female (% of female labor force) (national estimate)",SL.UEM.TOTL.FE.NE.ZS,11.28269958,..,9.361499786,..,..,..,..,13.42669964,14.6814003,14.18929958
British Virgin Islands,VGB,"Unemployment, female (% of female labor force) (national estimate)",SL.UEM.TOTL.FE.NE.ZS,..,..,..,..,..,..,..,..,..,..
Brunei Darussalam,BRN,"Unemployment, female (% of female labor force) (national estimate)",SL.UEM.TOTL.FE.NE.ZS,..,..,..,..,..,7.879899979,..,..,9.958100319,..
Bulgaria,BGR,"Unemployment, female (% of female labor force) (national estimate)",SL.UEM.TOTL.FE.NE.ZS,6.624400139,9.60779953,10.10750008,10.84039974,11.84459972,10.40429974,8.416999817,6.968500137,5.945899963,4.653800011
Burkina Faso,BFA,"Unemployment, female (% of female labor force) (national estimate)",SL.UEM.TOTL.FE.NE.ZS,..,..,..,..,..,9.258799553,..,..,..,..
Burundi,BDI,"Unemployment, female (% of female labor force) (national estimate)",SL.UEM.TOTL.FE.NE.ZS,..,..,..,..,..,1.170899987,..,..,..,..
Cabo Verde,CPV,"Unemployment, female (% of female labor force) (national estimate)",SL.UEM.TOTL.FE.NE.ZS,..,..,..,..,..,..,31.63489914,..,12.76000023,11.55000019
Cambodia,KHM,"Unemployment, female (% of female labor force) (national estimate)",SL.UEM.TOTL.FE.NE.ZS,0.556800008,0.794200003,0.476799995,..,0.516300023,0.694899976,0.456800014,0.851300001,..,..
Cameroon,CMR,"Unemployment, female (% of female labor force) (national estimate)",SL.UEM.TOTL.FE.NE.ZS,..,4.880000114,..,..,..,4.026800156,..,..,..,..
Canada,CAN,"Unemployment, female (% of female labor force) (national estimate)",SL.UEM.TOTL.FE.NE.ZS,7.012300014,7.236999989,7.009200096,6.821899891,6.597300053,6.390399933,6.285900116,6.240099907,5.850200176,5.492800236
Cayman Islands,CYM,"Unemployment, female (% of female labor force) (national estimate)",SL.UEM.TOTL.FE.NE.ZS,4.989999771,5.789999962,5.46999979,5.309999943,5.840000153,4.650000095,5.199999809,..,..,..
Central African Republic,CAF,"Unemployment, female (% of female labor force) (national estimate)",SL.UEM.TOTL.FE.NE.ZS,..,..,..,..,..,..,..,..,..,..
Chad,TCD,"Unemployment, female (% of female labor force) (national estimate)",SL.UEM.TOTL.FE.NE.ZS,..,..,..,..,..,..,..,..,..,..
Channel Islands,CHI,"Unemployment, female (% of female labor force) (national estimate)",SL.UEM.TOTL.FE.NE.ZS,..,..,..,..,..,..,..,..,..,..
Chile,CHL,"Unemployment, female (% of female labor force) (national estimate)",SL.UEM.TOTL.FE.NE.ZS,..,9.918199539,..,8.133500099,..,7.125500202,..,7.26639986,..,7.986100197
China,CHN,"Unemployment, female (% of female labor force) (national estimate)",SL.UEM.TOTL.FE.NE.ZS,..,..,..,..,..,..,..,..,..,..
Colombia,COL,"Unemployment, female (% of female labor force) (national estimate)",SL.UEM.TOTL.FE.NE.ZS,15.83899975,14.19890022,13.10280037,12.66320038,11.67090034,11.02770042,10.84440041,11.20549965,11.51259995,11.79349995
Comoros,COM,"Unemployment, female (% of female labor force) (national estimate)",SL.UEM.TOTL.FE.NE.ZS,..,..,..,..,..,..,..,..,..,..
"Congo, Dem. Rep.",COD,"Unemployment, female (% of female labor force) (national estimate)",SL.UEM.TOTL.FE.NE.ZS,..,..,..,3.618599892,..,..,..,..,..,..
"Congo, Rep.",COG,"Unemployment, female (% of female labor force) (national estimate)",SL.UEM.TOTL.FE.NE.ZS,18.29999924,..,..,10.80000019,..,..,..,..,..,..
Costa Rica,CRI,"Unemployment, female (% of female labor force) (national estimate)",SL.UEM.TOTL.FE.NE.ZS,9.602999687,9.045599937,12.75829983,..,..,..,..,..,..,..
Cote d'Ivoire,CIV,"Unemployment, female (% of female labor force) (national estimate)",SL.UEM.TOTL.FE.NE.ZS,..,..,..,7.328999996,5.107800007,..,..,3.360699892,3.867399931,..
Croatia,HRV,"Unemployment, female (% of female labor force) (national estimate)",SL.UEM.TOTL.FE.NE.ZS,10.70880032,12.30580044,13.7198,15.98349953,16.75849915,18.26720047,16.89859962,13.78779984,11.90499973,9.34070015
Cuba,CUB,"Unemployment, female (% of female labor force) (national estimate)",SL.UEM.TOTL.FE.NE.ZS,1.99000001,2.710000038,3.50999999,3.619999886,3.549999952,3.099999905,2.599999905,..,..,..
Curacao,CUW,"Unemployment, female (% of female labor force) (national estimate)",SL.UEM.TOTL.FE.NE.ZS,..,..,..,..,..,..,..,..,..,15.38000011
Cyprus,CYP,"Unemployment, female (% of female labor force) (national estimate)",SL.UEM.TOTL.FE.NE.ZS,5.468200207,6.414899826,..,11.05239964,15.1590004,15.06369972,14.77200031,13.31779957,11.26169968,8.742199898
Czech Republic,CZE,"Unemployment, female (% of female labor force) (national estimate)",SL.UEM.TOTL.FE.NE.ZS,7.729899883,8.455300331,7.893700123,8.205400467,8.286999702,7.394000053,6.074299812,4.670599937,3.579900026,2.804199934
Denmark,DNK,"Unemployment, female (% of female labor force) (national estimate)",SL.UEM.TOTL.FE.NE.ZS,5.31430006,6.463900089,7.465799809,7.545599937,7.272099972,6.819499969,6.444399834,6.640200138,5.936299801,5.149400234
Djibouti,DJI,"Unemployment, female (% of female labor force) (national estimate)",SL.UEM.TOTL.FE.NE.ZS,..,..,..,..,..,..,..,..,..,..
Dominica,DMA,"Unemployment, female (% of female labor force) (national estimate)",SL.UEM.TOTL.FE.NE.ZS,..,..,..,..,..,..,..,..,..,..
Dominican Republic,DOM,"Unemployment, female (% of female labor force) (national estimate)",SL.UEM.TOTL.FE.NE.ZS,7.888599873,7.039400101,8.349399567,9.208200455,10.52449989,9.685799599,..,..,8.074000359,..
Ecuador,ECU,"Unemployment, female (% of female labor force) (national estimate)",SL.UEM.TOTL.FE.NE.ZS,5.85710001,4.949699879,4.270100117,3.813499928,3.653300047,4.128600121,4.497000217,5.812399864,4.897200108,4.379899979
"Egypt, Arab Rep.",EGY,"Unemployment, female (% of female labor force) (national estimate)",SL.UEM.TOTL.FE.NE.ZS,22.37949944,22.11230087,22.44099998,24.0121994,24.16589928,23.9965992,24.81380081,23.57600021,23.00499916,..
El Salvador,SLV,"Unemployment, female (% of female labor force) (national estimate)",SL.UEM.TOTL.FE.NE.ZS,4.929999828,4.16230011,3.40899992,3.300299883,3.330600023,3.137700081,3.469000101,3.84920001,4.002900124,3.74819994
Equatorial Guinea,GNQ,"Unemployment, female (% of female labor force) (national estimate)",SL.UEM.TOTL.FE.NE.ZS,..,..,..,..,..,..,..,..,..,..
Eritrea,ERI,"Unemployment, female (% of female labor force) (national estimate)",SL.UEM.TOTL.FE.NE.ZS,..,..,..,..,..,..,..,..,..,..
Estonia,EST,"Unemployment, female (% of female labor force) (national estimate)",SL.UEM.TOTL.FE.NE.ZS,10.30679989,14.09700012,11.5788002,9.101699829,8.15569973,6.813600063,6.134500027,6.068399906,5.300199986,5.318600178
Eswatini,SWZ,"Unemployment, female (% of female labor force) (national estimate)",SL.UEM.TOTL.FE.NE.ZS,..,..,..,..,..,..,..,24.41530037,..,..
Ethiopia,ETH,"Unemployment, female (% of female labor force) (national estimate)",SL.UEM.TOTL.FE.NE.ZS,..,..,..,..,2.943200111,..,..,..,..,..
Faroe Islands,FRO,"Unemployment, female (% of female labor force) (national estimate)",SL.UEM.TOTL.FE.NE.ZS,..,..,..,..,..,..,..,..,..,..
Fiji,FJI,"Unemployment, female (% of female labor force) (national estimate)",SL.UEM.TOTL.FE.NE.ZS,..,..,4.615200043,..,..,8.510000229,..,5.539500237,..,..
Finland,FIN,"Unemployment, female (% of female labor force) (national estimate)",SL.UEM.TOTL.FE.NE.ZS,7.573699951,7.641600132,7.104700089,7.054900169,7.519299984,7.954400063,8.843600273,8.58259964,8.388999939,7.298500061
France,FRA,"Unemployment, female (% of female labor force) (national estimate)",SL.UEM.TOTL.FE.NE.ZS,8.802100182,9.065999985,9.116000175,9.358499527,9.789199829,10.02970028,9.883999825,9.85340023,9.336000443,9.097200394
French Polynesia,PYF,"Unemployment, female (% of female labor force) (national estimate)",SL.UEM.TOTL.FE.NE.ZS,..,..,..,..,..,..,..,..,..,..
Gabon,GAB,"Unemployment, female (% of female labor force) (national estimate)",SL.UEM.TOTL.FE.NE.ZS,..,28.52000046,..,..,..,..,..,..,..,..
"Gambia, The",GMB,"Unemployment, female (% of female labor force) (national estimate)",SL.UEM.TOTL.FE.NE.ZS,..,..,..,12.62860012,..,..,..,..,..,..
Georgia,GEO,"Unemployment, female (% of female labor force) (national estimate)",SL.UEM.TOTL.FE.NE.ZS,19.08029938,17.56229973,17.40329933,18.36770058,16.17910004,14.4751997,13.92319965,12.55280018,12.73980045,..
Germany,DEU,"Unemployment, female (% of female labor force) (national estimate)",SL.UEM.TOTL.FE.NE.ZS,7.310900211,6.497300148,5.581600189,5.177400112,4.915599823,4.63079977,4.220900059,3.740999937,3.314399958,2.910099983
Ghana,GHA,"Unemployment, female (% of female labor force) (national estimate)",SL.UEM.TOTL.FE.NE.ZS,..,5.769999981,..,..,2.360199928,..,6.596300125,..,4.368999958,..
Gibraltar,GIB,"Unemployment, female (% of female labor force) (national estimate)",SL.UEM.TOTL.FE.NE.ZS,..,..,..,..,..,..,..,..,..,..
Greece,GRC,"Unemployment, female (% of female labor force) (national estimate)",SL.UEM.TOTL.FE.NE.ZS,13.28279972,16.33469963,21.51259995,28.21019936,31.34679985,30.16720009,28.85250092,28.0958004,26.06839943,24.23320007
Greenland,GRL,"Unemployment, female (% of female labor force) (national estimate)",SL.UEM.TOTL.FE.NE.ZS,..,7.699999809,9.600000381,10.19999981,10.10000038,10.30000019,9.300000191,..,..,..
Grenada,GRD,"Unemployment, female (% of female labor force) (national estimate)",SL.UEM.TOTL.FE.NE.ZS,..,..,..,..,..,..,..,..,..,..
Guam,GUM,"Unemployment, female (% of female labor force) (national estimate)",SL.UEM.TOTL.FE.NE.ZS,9.800000191,9.300000191,15.69999981,10.80000019,..,..,..,..,..,..
Guatemala,GTM,"Unemployment, female (% of female labor force) (national estimate)",SL.UEM.TOTL.FE.NE.ZS,..,3.831599951,..,3.443200111,3.641700029,..,3.528199911,3.45449996,3.501899958,..
Guinea,GIN,"Unemployment, female (% of female labor force) (national estimate)",SL.UEM.TOTL.FE.NE.ZS,..,..,..,..,..,..,..,..,..,..
Guinea-Bissau,GNB,"Unemployment, female (% of female labor force) (national estimate)",SL.UEM.TOTL.FE.NE.ZS,..,..,..,..,..,..,..,..,..,..
Guyana,GUY,"Unemployment, female (% of female labor force) (national estimate)",SL.UEM.TOTL.FE.NE.ZS,..,..,..,..,..,..,..,..,15.30550003,..
Haiti,HTI,"Unemployment, female (% of female labor force) (national estimate)",SL.UEM.TOTL.FE.NE.ZS,..,..,..,..,..,..,..,..,..,..
Honduras,HND,"Unemployment, female (% of female labor force) (national estimate)",SL.UEM.TOTL.FE.NE.ZS,4.259200096,5.398200035,6.306900024,5.119599819,5.084799767,9.245499611,8.764800072,8.882300377,7.850299835,7.16989994
"Hong Kong SAR, China",HKG,"Unemployment, female (% of female labor force) (national estimate)",SL.UEM.TOTL.FE.NE.ZS,4.320000172,3.50999999,2.789999962,2.75999999,2.970000029,3.00999999,3.180000067,3.079999924,2.769999981,..
Hungary,HUN,"Unemployment, female (% of female labor force) (national estimate)",SL.UEM.TOTL.FE.NE.ZS,9.740799904,10.66329956,10.98359966,10.61069965,10.13549995,7.913000107,7.03910017,5.107999802,4.570799828,3.986500025
Iceland,ISL,"Unemployment, female (% of female labor force) (national estimate)",SL.UEM.TOTL.FE.NE.ZS,5.683100224,6.736599922,6.211400032,5.664899826,5.076700211,4.78579998,4.050499916,3.046000004,2.717600107,2.536299944
India,IND,"Unemployment, female (% of female labor force) (national estimate)",SL.UEM.TOTL.FE.NE.ZS,..,2.650500059,..,3.082499981,..,..,..,..,..,5.301099777
Indonesia,IDN,"Unemployment, female (% of female labor force) (national estimate)",SL.UEM.TOTL.FE.NE.ZS,6.696400166,6.391200066,5.565299988,4.784200191,4.266200066,3.883300066,4.429699898,3.865499973,3.921999931,4.251100063
"Iran, Islamic Rep.",IRN,"Unemployment, female (% of female labor force) (national estimate)",SL.UEM.TOTL.FE.NE.ZS,16.97999954,20.67000008,20.65999985,20.47999954,19.77000046,19.72999954,19.46999931,20.73999977,19.88999939,18.94000053
Iraq,IRQ,"Unemployment, female (% of female labor force) (national estimate)",SL.UEM.TOTL.FE.NE.ZS,..,..,..,12.42450047,..,21.92000008,..,22.21999931,30.95999908,..
Ireland,IRL,"Unemployment, female (% of female labor force) (national estimate)",SL.UEM.TOTL.FE.NE.ZS,9.508899689,11.41040039,12.50030041,12.7531004,12.41909981,10.87489986,8.907400131,7.598400116,6.293799877,5.691100121
Isle of Man,IMN,"Unemployment, female (% of female labor force) (national estimate)",SL.UEM.TOTL.FE.NE.ZS,..,..,2.75999999,..,1.71073091,1.25999999,..,2.261294127,..,..
Israel,ISR,"Unemployment, female (% of female labor force) (national estimate)",SL.UEM.TOTL.FE.NE.ZS,9.180999756,7.951000214,6.951000214,6.977000237,6.236999989,5.918000221,5.392000198,4.941999912,4.320000172,3.953999996
Italy,ITA,"Unemployment, female (% of female labor force) (national estimate)",SL.UEM.TOTL.FE.NE.ZS,9.222399712,9.597999573,9.543899536,11.82590008,13.06690025,13.79819965,12.69390011,12.77439976,12.38640022,11.77369976
Jamaica,JAM,"Unemployment, female (% of female labor force) (national estimate)",SL.UEM.TOTL.FE.NE.ZS,14.83520031,16.20759964,17.20000076,18.08449936,20.07139969,18.13999939,17.85740089,17.39690018,15.37180042,11.89630032
Japan,JPN,"Unemployment, female (% of female labor force) (national estimate)",SL.UEM.TOTL.FE.NE.ZS,4.800000191,4.599999905,4.140999794,4,3.700000048,3.400000095,3.099999905,2.799999952,2.700000048,2.200000048
Jordan,JOR,"Unemployment, female (% of female labor force) (national estimate)",SL.UEM.TOTL.FE.NE.ZS,24.10000038,21.70000076,21.20000076,19.89999962,22.20000076,20.70000076,22.54999924,24.125,..,..
Kazakhstan,KAZ,"Unemployment, female (% of female labor force) (national estimate)",SL.UEM.TOTL.FE.NE.ZS,7.539999962,6.630000114,6.210000038,6.46999979,5.869999886,..,..,..,5.429999828,..
Kenya,KEN,"Unemployment, female (% of female labor force) (national estimate)",SL.UEM.TOTL.FE.NE.ZS,9.399999619,..,..,..,..,..,..,2.937299967,..,..
Kiribati,KIR,"Unemployment, female (% of female labor force) (national estimate)",SL.UEM.TOTL.FE.NE.ZS,..,34.09000015,..,..,..,..,5.636600018,..,..,..
"Korea, Dem. People’s Rep.",PRK,"Unemployment, female (% of female labor force) (national estimate)",SL.UEM.TOTL.FE.NE.ZS,..,..,..,..,..,..,..,..,..,..
"Korea, Rep.",KOR,"Unemployment, female (% of female labor force) (national estimate)",SL.UEM.TOTL.FE.NE.ZS,3,3.299999952,3.099999905,3,2.900000095,3.5,3.599999905,3.599999905,3.599999905,3.726999998
Kosovo,XKX,"Unemployment, female (% of female labor force) (national estimate)",SL.UEM.TOTL.FE.NE.ZS,56.40000153,..,..,39.9557991,..,41.52999878,36.56999969,31.69000053,36.38999939,33.25999832
Kuwait,KWT,"Unemployment, female (% of female labor force) (national estimate)",SL.UEM.TOTL.FE.NE.ZS,3.390000105,2.799999952,..,..,..,4.900000095,4.400000095,5.829999924,..,..
Kyrgyz Republic,KGZ,"Unemployment, female (% of female labor force) (national estimate)",SL.UEM.TOTL.FE.NE.ZS,9.760000229,9.93999958,9.850000381,9.470000267,..,9.489999771,9.020000458,8.739999771,8.909999847,6.449999809
Lao PDR,LAO,"Unemployment, female (% of female labor force) (national estimate)",SL.UEM.TOTL.FE.NE.ZS,..,0.66079998,..,..,..,..,..,..,7.815000057,..
Latvia,LVA,"Unemployment, female (% of female labor force) (national estimate)",SL.UEM.TOTL.FE.NE.ZS,14.14000034,16.30480003,13.80130005,13.95149994,11.14340019,9.839699745,8.64109993,8.403300285,7.678500175,6.420300007
Lebanon,LBN,"Unemployment, female (% of female labor force) (national estimate)",SL.UEM.TOTL.FE.NE.ZS,10.39625072,..,..,..,..,..,..,..,..,..
Lesotho,LSO,"Unemployment, female (% of female labor force) (national estimate)",SL.UEM.TOTL.FE.NE.ZS,..,..,..,..,..,..,..,..,..,..
Liberia,LBR,"Unemployment, female (% of female labor force) (national estimate)",SL.UEM.TOTL.FE.NE.ZS,..,2.288399935,..,23.84959984,..,12.70670033,1.796000004,2.358200073,..,..
Libya,LBY,"Unemployment, female (% of female labor force) (national estimate)",SL.UEM.TOTL.FE.NE.ZS,..,..,..,25.04999924,..,..,..,..,..,..
Liechtenstein,LIE,"Unemployment, female (% of female labor force) (national estimate)",SL.UEM.TOTL.FE.NE.ZS,..,..,..,..,..,..,..,..,..,..
Lithuania,LTU,"Unemployment, female (% of female labor force) (national estimate)",SL.UEM.TOTL.FE.NE.ZS,10.52130032,14.51889992,12.91040039,11.57320023,10.47840023,9.221300125,8.16119957,6.653100014,5.675899982,5.409399986
Luxembourg,LUX,"Unemployment, female (% of female labor force) (national estimate)",SL.UEM.TOTL.FE.NE.ZS,6.126200199,5.09250021,6.257400036,5.906499863,6.384900093,5.766799927,7.344200134,6.629499912,5.498899937,5.881499767
"Macao SAR, China",MAC,"Unemployment, female (% of female labor force) (national estimate)",SL.UEM.TOTL.FE.NE.ZS,2.789999962,2.059999943,2.180000067,1.649999976,1.399999976,1.399999976,1.570000052,1.5,1.600000024,..
Madagascar,MDG,"Unemployment, female (% of female labor force) (national estimate)",SL.UEM.TOTL.FE.NE.ZS,..,5.309999943,..,0.626900017,..,..,..,..,..,..
Malawi,MWI,"Unemployment, female (% of female labor force) (national estimate)",SL.UEM.TOTL.FE.NE.ZS,..,..,..,10.33810043,6.92869997,..,..,..,36.70050049,..
Malaysia,MYS,"Unemployment, female (% of female labor force) (national estimate)",SL.UEM.TOTL.FE.NE.ZS,3.799999952,3.430000067,3.319999933,3.150000095,3.440000057,3.220000029,3.390000105,3.920000076,..,..
Maldives,MDV,"Unemployment, female (% of female labor force) (national estimate)",SL.UEM.TOTL.FE.NE.ZS,..,..,..,..,..,5.909999847,..,5.632599831,..,..
Mali,MLI,"Unemployment, female (% of female labor force) (national estimate)",SL.UEM.TOTL.FE.NE.ZS,..,11.10999966,..,..,..,6.295100212,8.737199783,1.299200058,..,7.869999886
Malta,MLT,"Unemployment, female (% of female labor force) (national estimate)",SL.UEM.TOTL.FE.NE.ZS,7.629000187,7.131599903,7.126599789,7.20510006,6.138899803,5.102700233,5.387199879,..,4.251999855,3.555299997
Marshall Islands,MHL,"Unemployment, female (% of female labor force) (national estimate)",SL.UEM.TOTL.FE.NE.ZS,..,..,4.480000019,..,..,..,..,..,..,..
Mauritania,MRT,"Unemployment, female (% of female labor force) (national estimate)",SL.UEM.TOTL.FE.NE.ZS,..,..,..,12.40030003,..,..,..,..,..,..
Mauritius,MUS,"Unemployment, female (% of female labor force) (national estimate)",SL.UEM.TOTL.FE.NE.ZS,12.27040005,12.91569996,..,11.71510029,11.14970016,10.82600021,10.68270016,10.40610027,10.03859997,..
Mexico,MEX,"Unemployment, female (% of female labor force) (national estimate)",SL.UEM.TOTL.FE.NE.ZS,5.35340023,5.184599876,5.129199982,4.877500057,4.955200195,4.847000122,4.451499939,3.908400059,3.59890008,3.425499916
"Micronesia, Fed. Sts.",FSM,"Unemployment, female (% of female labor force) (national estimate)",SL.UEM.TOTL.FE.NE.ZS,..,..,..,..,..,13.87829971,..,..,..,..
Moldova,MDA,"Unemployment, female (% of female labor force) (national estimate)",SL.UEM.TOTL.FE.NE.ZS,4.889999866,5.738500118,5.59280014,4.288099766,4.143899918,3.066200018,2.924700022,2.888499975,3.342099905,2.474900007
Monaco,MCO,"Unemployment, female (% of female labor force) (national estimate)",SL.UEM.TOTL.FE.NE.ZS,..,..,..,..,..,..,..,8.680000305,..,..
Mongolia,MNG,"Unemployment, female (% of female labor force) (national estimate)",SL.UEM.TOTL.FE.NE.ZS,6.163199902,5.903900146,4.429599762,3.52699995,4.459700108,4.409100056,4.262499809,5.899000168,5.656799793,..
Montenegro,MNE,"Unemployment, female (% of female labor force) (national estimate)",SL.UEM.TOTL.FE.NE.ZS,20.43000031,20.75009918,20.13759995,20.24690056,18.81959915,18.21990013,17.30739975,17.08230019,16.94239998,15.09710026
Morocco,MAR,"Unemployment, female (% of female labor force) (national estimate)",SL.UEM.TOTL.FE.NE.ZS,9.279999733,9.479999542,10.22000027,9.93999958,9.569999695,10.27999973,10.39000034,10.65999985,..,..
Mozambique,MOZ,"Unemployment, female (% of female labor force) (national estimate)",SL.UEM.TOTL.FE.NE.ZS,..,..,..,..,..,..,3.66989994,..,..,..
Myanmar,MMR,"Unemployment, female (% of female labor force) (national estimate)",SL.UEM.TOTL.FE.NE.ZS,..,..,..,..,..,..,0.898400009,..,2.018599987,1.044499993
Namibia,NAM,"Unemployment, female (% of female labor force) (national estimate)",SL.UEM.TOTL.FE.NE.ZS,..,24,..,18.97369957,20.65940094,20.37649918,..,24.97750092,..,18.59029961
Nauru,NRU,"Unemployment, female (% of female labor force) (national estimate)",SL.UEM.TOTL.FE.NE.ZS,..,..,25.51000023,..,17.95429993,..,..,..,..,..
Nepal,NPL,"Unemployment, female (% of female labor force) (national estimate)",SL.UEM.TOTL.FE.NE.ZS,..,..,..,..,..,..,..,..,13.06000042,..
Netherlands,NLD,"Unemployment, female (% of female labor force) (national estimate)",SL.UEM.TOTL.FE.NE.ZS,4.917699814,5.544099808,5.41410017,6.22879982,7.302100182,7.745500088,7.273099899,6.506800175,5.254899979,3.956500053
New Caledonia,NCL,"Unemployment, female (% of female labor force) (national estimate)",SL.UEM.TOTL.FE.NE.ZS,16.34000015,..,..,..,..,15.60000038,..,..,..,..
New Zealand,NZL,"Unemployment, female (% of female labor force) (national estimate)",SL.UEM.TOTL.FE.NE.ZS,6.143000126,6.927999973,6.758999825,7.387000084,6.962999821,6.534999847,5.861400127,5.473999977,5.197999954,4.470900059
Nicaragua,NIC,"Unemployment, female (% of female labor force) (national estimate)",SL.UEM.TOTL.FE.NE.ZS,..,..,..,5.730999947,5.449999809,5.611999989,..,..,..,..
Niger,NER,"Unemployment, female (% of female labor force) (national estimate)",SL.UEM.TOTL.FE.NE.ZS,..,..,0.220899999,..,..,0.433200002,..,..,..,..
Nigeria,NGA,"Unemployment, female (% of female labor force) (national estimate)",SL.UEM.TOTL.FE.NE.ZS,..,..,3.691499949,..,3.379699945,5.352000237,5.054999828,..,9.152899742,..
North Macedonia,MKD,"Unemployment, female (% of female labor force) (national estimate)",SL.UEM.TOTL.FE.NE.ZS,32.81639862,32.23989868,30.78919983,..,29.02039909,..,25.06279945,22.72520065,21.82119942,19.86739922
Northern Mariana Islands,MNP,"Unemployment, female (% of female labor force) (national estimate)",SL.UEM.TOTL.FE.NE.ZS,..,13.05000019,..,..,..,..,..,..,..,..
Norway,NOR,"Unemployment, female (% of female labor force) (national estimate)",SL.UEM.TOTL.FE.NE.ZS,2.603300095,2.942500114,2.990799904,2.6329,3.231100082,3.234999895,3.998500109,3.91230011,3.690999985,3.538500071
Oman,OMN,"Unemployment, female (% of female labor force) (national estimate)",SL.UEM.TOTL.FE.NE.ZS,..,..,..,..,..,..,..,13.68000031,..,..
Pakistan,PAK,"Unemployment, female (% of female labor force) (national estimate)",SL.UEM.TOTL.FE.NE.ZS,0.358599991,0.639199972,0.669799984,..,3.421099901,2.01060009,6.108500004,..,..,4.550300121
Palau,PLW,"Unemployment, female (% of female labor force) (national estimate)",SL.UEM.TOTL.FE.NE.ZS,..,..,..,..,..,1.752900004,..,..,..,..
Panama,PAN,"Unemployment, female (% of female labor force) (national estimate)",SL.UEM.TOTL.FE.NE.ZS,8.850000381,5.069399834,2.683000088,3.032099962,3.058500051,3.494199991,3.900000095,3.920900106,5.076200008,4.968299866
Papua New Guinea,PNG,"Unemployment, female (% of female labor force) (national estimate)",SL.UEM.TOTL.FE.NE.ZS,..,1.276100039,1.440000057,..,..,..,..,..,..,..
Paraguay,PRY,"Unemployment, female (% of female labor force) (national estimate)",SL.UEM.TOTL.FE.NE.ZS,6.64839983,..,..,..,..,..,..,..,..,7.518899918
Peru,PER,"Unemployment, female (% of female labor force) (national estimate)",SL.UEM.TOTL.FE.NE.ZS,..,..,..,..,..,..,..,..,..,7.461200237
Philippines,PHL,"Unemployment, female (% of female labor force) (national estimate)",SL.UEM.TOTL.FE.NE.ZS,4.131299973,3.789099932,3.827899933,3.732899904,3.822999954,3.724400043,3.218899965,2.870300055,2.7026999,2.678100109
Poland,POL,"Unemployment, female (% of female labor force) (national estimate)",SL.UEM.TOTL.FE.NE.ZS,8.659700394,10.02260017,10.3991003,10.90740013,11.11149979,9.591799736,7.709199905,6.225999832,4.907599926,3.84739995
Portugal,PRT,"Unemployment, female (% of female labor force) (national estimate)",SL.UEM.TOTL.FE.NE.ZS,10.09179974,11.86330032,13.04319954,15.49740028,16.36750031,14.32610035,12.74650002,11.16619968,9.34829998,7.436699867
Puerto Rico,PRI,"Unemployment, female (% of female labor force) (national estimate)",SL.UEM.TOTL.FE.NE.ZS,12.5,12.69999981,12.80000019,12,..,..,9.699999809,..,..,..
Qatar,QAT,"Unemployment, female (% of female labor force) (national estimate)",SL.UEM.TOTL.FE.NE.ZS,1.919999957,2.700000048,3.319999933,2.819999933,1.629999995,1.029999971,0.850000024,0.699999988,0.620000005,0.460000008
Romania,ROU,"Unemployment, female (% of female labor force) (national estimate)",SL.UEM.TOTL.FE.NE.ZS,5.839399815,6.175000191,6.463699818,6.076499939,6.305099964,6.092700005,5.84800005,4.980700016,4.037399769,3.484999895
Russian Federation,RUS,"Unemployment, female (% of female labor force) (national estimate)",SL.UEM.TOTL.FE.NE.ZS,7.671999931,6.836100101,6.086699963,5.069600105,5.136099815,4.821899891,5.30919981,5.347700119,5.051400185,4.776599884
Rwanda,RWA,"Unemployment, female (% of female labor force) (national estimate)",SL.UEM.TOTL.FE.NE.ZS,..,..,..,..,..,1.241899967,..,..,19.35400009,..
Samoa,WSM,"Unemployment, female (% of female labor force) (national estimate)",SL.UEM.TOTL.FE.NE.ZS,..,..,6.820000172,10.26449966,..,10.27000046,..,..,21.34379959,..
San Marino,SMR,"Unemployment, female (% of female labor force) (national estimate)",SL.UEM.TOTL.FE.NE.ZS,6.260000229,7.289999962,..,7.46999979,8.699999809,9.470000267,10.94999981,10.02999973,..,..
Sao Tome and Principe,STP,"Unemployment, female (% of female labor force) (national estimate)",SL.UEM.TOTL.FE.NE.ZS,..,..,..,..,..,..,..,..,..,..
Saudi Arabia,SAU,"Unemployment, female (% of female labor force) (national estimate)",SL.UEM.TOTL.FE.NE.ZS,15.93999958,17.37999916,19.20999908,21.28000069,20.72999954,21.57999992,21.37999916,21.10000038,21.29999924,22.55999947
Senegal,SEN,"Unemployment, female (% of female labor force) (national estimate)",SL.UEM.TOTL.FE.NE.ZS,..,..,13.40999985,..,..,..,7.302299976,..,..,..
Serbia,SRB,"Unemployment, female (% of female labor force) (national estimate)",SL.UEM.TOTL.FE.NE.ZS,17.86070061,20.22470093,23.69890022,24.98159981,23.8404007,20.37330055,18.76070023,16.10050011,14.27420044,13.69989967
Seychelles,SYC,"Unemployment, female (% of female labor force) (national estimate)",SL.UEM.TOTL.FE.NE.ZS,..,..,4.480000019,..,..,3.901299953,4.787000179,4.22840023,3.727099895,..
Sierra Leone,SLE,"Unemployment, female (% of female labor force) (national estimate)",SL.UEM.TOTL.FE.NE.ZS,..,..,..,..,..,3.878000021,..,..,..,..
Singapore,SGP,"Unemployment, female (% of female labor force) (national estimate)",SL.UEM.TOTL.FE.NE.ZS,6.510000229,4.400000095,4.320000172,4.199999809,4.380000114,4.090000153,3.960000038,4.480000019,4.400000095,..
Sint Maarten (Dutch part),SXM,"Unemployment, female (% of female labor force) (national estimate)",SL.UEM.TOTL.FE.NE.ZS,..,..,..,..,..,..,..,..,..,..
Slovak Republic,SVK,"Unemployment, female (% of female labor force) (national estimate)",SL.UEM.TOTL.FE.NE.ZS,12.82870007,14.59840012,13.62660027,14.52390003,14.52589989,13.63309956,12.89109993,10.75710011,8.408100128,7.027400017
Slovenia,SVN,"Unemployment, female (% of female labor force) (national estimate)",SL.UEM.TOTL.FE.NE.ZS,5.804399967,7.019199848,8.172800064,9.366299629,10.90820026,10.54780006,10.03540039,8.585800171,7.474599838,5.697100163
Solomon Islands,SLB,"Unemployment, female (% of female labor force) (national estimate)",SL.UEM.TOTL.FE.NE.ZS,1.75999999,..,..,..,0.722899973,..,..,..,..,..
Somalia,SOM,"Unemployment, female (% of female labor force) (national estimate)",SL.UEM.TOTL.FE.NE.ZS,..,..,..,..,..,..,..,..,..,..
South Africa,ZAF,"Unemployment, female (% of female labor force) (national estimate)",SL.UEM.TOTL.FE.NE.ZS,25.55620003,26.99799919,27.21349907,27.06110001,26.52890015,27.02890015,27.52890015,28.99729919,29.29240036,29.05929947
South Sudan,SSD,"Unemployment, female (% of female labor force) (national estimate)",SL.UEM.TOTL.FE.NE.ZS,..,..,..,..,..,..,..,..,..,..
Spain,ESP,"Unemployment, female (% of female labor force) (national estimate)",SL.UEM.TOTL.FE.NE.ZS,18.12669945,20.22470093,21.81189919,25.03370094,26.67149925,25.4253006,23.54829979,21.37969971,19.02729988,17.02339935
Sri Lanka,LKA,"Unemployment, female (% of female labor force) (national estimate)",SL.UEM.TOTL.FE.NE.ZS,8.619999886,7.398900032,6.913700104,6.099999905,6.406799793,6.27339983,7.330299854,6.720300198,..,..
St. Kitts and Nevis,KNA,"Unemployment, female (% of female labor force) (national estimate)",SL.UEM.TOTL.FE.NE.ZS,..,..,..,..,..,..,..,..,..,..
St. Lucia,LCA,"Unemployment, female (% of female labor force) (national estimate)",SL.UEM.TOTL.FE.NE.ZS,16.45999908,..,20.21999931,21.19000053,23.93000031,..,27.4416008,23.47680092,..,..
St. Martin (French part),MAF,"Unemployment, female (% of female labor force) (national estimate)",SL.UEM.TOTL.FE.NE.ZS,..,..,..,..,..,..,..,..,..,..
St. Vincent and the Grenadines,VCT,"Unemployment, female (% of female labor force) (national estimate)",SL.UEM.TOTL.FE.NE.ZS,..,..,..,..,..,..,..,..,..,..
Sudan,SDN,"Unemployment, female (% of female labor force) (national estimate)",SL.UEM.TOTL.FE.NE.ZS,23,..,30.73570061,..,..,..,..,..,..,..
Suriname,SUR,"Unemployment, female (% of female labor force) (national estimate)",SL.UEM.TOTL.FE.NE.ZS,14.32999992,12.57999992,12.40999985,12.36999989,11.01000023,11.81000042,11.44999981,..,..,..
Sweden,SWE,"Unemployment, female (% of female labor force) (national estimate)",SL.UEM.TOTL.FE.NE.ZS,8.011500359,8.520999908,7.763000011,7.71089983,7.887700081,7.693600178,7.289999962,6.58589983,6.440899849,6.292099953
Switzerland,CHE,"Unemployment, female (% of female labor force) (national estimate)",SL.UEM.TOTL.FE.NE.ZS,4.520199776,5.188600063,4.80009985,4.729000092,4.91779995,4.98570013,4.912499905,5.006299973,5.058100224,5.109000206
Syrian Arab Republic,SYR,"Unemployment, female (% of female labor force) (national estimate)",SL.UEM.TOTL.FE.NE.ZS,22.29000092,22,..,..,..,..,..,..,..,..
Tajikistan,TJK,"Unemployment, female (% of female labor force) (national estimate)",SL.UEM.TOTL.FE.NE.ZS,..,..,..,..,..,..,..,..,..,..
Tanzania,TZA,"Unemployment, female (% of female labor force) (national estimate)",SL.UEM.TOTL.FE.NE.ZS,2.700000048,..,4.289999962,..,3.789999962,2.692800045,..,..,..,..
Thailand,THA,"Unemployment, female (% of female labor force) (national estimate)",SL.UEM.TOTL.FE.NE.ZS,1.450000048,0.622200012,0.680000007,0.529999971,0.476099998,..,..,..,..,..
Timor-Leste,TLS,"Unemployment, female (% of female labor force) (national estimate)",SL.UEM.TOTL.FE.NE.ZS,..,4.261199951,..,..,10.59080029,..,..,6.255599976,..,..
Togo,TGO,"Unemployment, female (% of female labor force) (national estimate)",SL.UEM.TOTL.FE.NE.ZS,..,..,1.664199948,..,..,4.654799938,1.704399943,..,..,..
Tonga,TON,"Unemployment, female (% of female labor force) (national estimate)",SL.UEM.TOTL.FE.NE.ZS,..,..,..,..,..,..,..,..,..,..
Trinidad and Tobago,TTO,"Unemployment, female (% of female labor force) (national estimate)",SL.UEM.TOTL.FE.NE.ZS,6.289999962,4.300499916,4.009799957,4.277599812,2.949599981,2.565900087,2.613399982,2.953099966,..,..
Tunisia,TUN,"Unemployment, female (% of female labor force) (national estimate)",SL.UEM.TOTL.FE.NE.ZS,18.77029991,18.94029999,27.37260056,25.60589981,23.00209999,..,22.2322998,23.12319946,22.77569962,22.7609005
Turkey,TUR,"Unemployment, female (% of female labor force) (national estimate)",SL.UEM.TOTL.FE.NE.ZS,12.60929966,11.38860035,10.07190037,9.377599716,10.55270004,11.83450031,12.59130001,13.63220024,13.89330006,13.76640034
Turkmenistan,TKM,"Unemployment, female (% of female labor force) (national estimate)",SL.UEM.TOTL.FE.NE.ZS,1.799999952,2.299999952,..,..,..,..,..,..,..,..
Turks and Caicos Islands,TCA,"Unemployment, female (% of female labor force) (national estimate)",SL.UEM.TOTL.FE.NE.ZS,..,..,..,..,..,..,..,..,..,..
Tuvalu,TUV,"Unemployment, female (% of female labor force) (national estimate)",SL.UEM.TOTL.FE.NE.ZS,..,..,..,..,..,..,..,16.22319984,..,..
Uganda,UGA,"Unemployment, female (% of female labor force) (national estimate)",SL.UEM.TOTL.FE.NE.ZS,..,..,..,4.289199829,2.440000057,..,..,..,11.14000034,..
Ukraine,UKR,"Unemployment, female (% of female labor force) (national estimate)",SL.UEM.TOTL.FE.NE.ZS,7.309999943,6.820000172,..,..,6.21999979,7.519999981,8.079999924,7.690000057,7.75,7.433899879
United Arab Emirates,ARE,"Unemployment, female (% of female labor force) (national estimate)",SL.UEM.TOTL.FE.NE.ZS,..,..,..,..,..,..,..,4.020448685,6.807199955,5.930399895
United Kingdom,GBR,"Unemployment, female (% of female labor force) (national estimate)",SL.UEM.TOTL.FE.NE.ZS,6.420499802,6.875,7.340600014,7.386199951,7.038599968,5.82130003,5.125100136,4.68380022,4.219900131,3.940399885
United States,USA,"Unemployment, female (% of female labor force) (national estimate)",SL.UEM.TOTL.FE.NE.ZS,8.069000244,8.621299744,8.463100433,7.893000126,7.075699806,6.060299873,5.178500175,4.788799763,4.308599949,3.83769989
Uruguay,URY,"Unemployment, female (% of female labor force) (national estimate)",SL.UEM.TOTL.FE.NE.ZS,10.36670017,9.395799637,8.06910038,8.256500244,8.202199936,8.343999863,8.845899582,9.444199562,9.472100258,10.07209969
Uzbekistan,UZB,"Unemployment, female (% of female labor force) (national estimate)",SL.UEM.TOTL.FE.NE.ZS,..,..,..,..,..,..,..,..,..,..
Vanuatu,VUT,"Unemployment, female (% of female labor force) (national estimate)",SL.UEM.TOTL.FE.NE.ZS,5.152100086,..,..,..,..,..,..,..,..,..
"Venezuela, RB",VEN,"Unemployment, female (% of female labor force) (national estimate)",SL.UEM.TOTL.FE.NE.ZS,5.963900089,6.951099873,7.208300114,7.11289978,8.600000381,..,..,..,..,..
Vietnam,VNM,"Unemployment, female (% of female labor force) (national estimate)",SL.UEM.TOTL.FE.NE.ZS,1.575199962,1.076799989,2.263200045,1.906700015,1.965299964,1.816499949,1.995399952,1.929100037,1.883399963,..
Virgin Islands (U.S.),VIR,"Unemployment, female (% of female labor force) (national estimate)",SL.UEM.TOTL.FE.NE.ZS,..,..,..,..,..,..,..,..,..,..
West Bank and Gaza,PSE,"Unemployment, female (% of female labor force) (national estimate)",SL.UEM.TOTL.FE.NE.ZS,26.50110054,26.83060074,28.37509918,32.87620163,35.10699844,38.62459946,39.35739899,45.01879883,48.24349976,51.23379898
"Yemen, Rep.",YEM,"Unemployment, female (% of female labor force) (national estimate)",SL.UEM.TOTL.FE.NE.ZS,40.22999954,54.70999908,..,..,..,26.13330078,..,..,..,..
Zambia,ZMB,"Unemployment, female (% of female labor force) (national estimate)",SL.UEM.TOTL.FE.NE.ZS,..,..,..,..,..,..,..,..,12.72700024,..
Zimbabwe,ZWE,"Unemployment, female (% of female labor force) (national estimate)",SL.UEM.TOTL.FE.NE.ZS,..,..,5.993700027,..,..,14.89999962,..,..,..,..
Arab World,ARB,"Unemployment, female (% of female labor force) (national estimate)",SL.UEM.TOTL.FE.NE.ZS,19.13455523,19.24637667,..,19.17014224,..,19.33346098,..,18.85506455,..,..
Caribbean small states,CSS,"Unemployment, female (% of female labor force) (national estimate)",SL.UEM.TOTL.FE.NE.ZS,12.39664625,12.30437934,13.44350053,13.82357984,14.62301589,13.3058532,13.29168345,13.26444442,..,..
Central Europe and the Baltics,CEB,"Unemployment, female (% of female labor force) (national estimate)",SL.UEM.TOTL.FE.NE.ZS,8.460820991,9.820381389,9.887717364,10.13918536,10.24283176,9.169930355,7.908265252,6.443197517,5.259890259,4.295631698
Early-demographic dividend,EAR,"Unemployment, female (% of female labor force) (national estimate)",SL.UEM.TOTL.FE.NE.ZS,..,5.915975491,..,6.221780847,..,..,..,..,..,6.449875288
East Asia & Pacific,EAS,"Unemployment, female (% of female labor force) (national estimate)",SL.UEM.TOTL.FE.NE.ZS,..,..,..,..,..,..,..,..,..,..
East Asia & Pacific (excluding high income),EAP,"Unemployment, female (% of female labor force) (national estimate)",SL.UEM.TOTL.FE.NE.ZS,..,..,..,..,..,..,..,..,..,..
East Asia & Pacific (IDA & IBRD countries),TEA,"Unemployment, female (% of female labor force) (national estimate)",SL.UEM.TOTL.FE.NE.ZS,..,..,..,..,..,..,..,..,..,..
Euro area,EMU,"Unemployment, female (% of female labor force) (national estimate)",SL.UEM.TOTL.FE.NE.ZS,9.703166278,10.24810797,10.36834095,11.44879671,12.04638631,11.77389463,11.01634993,10.36747057,9.427567316,8.570074337
Europe & Central Asia,ECS,"Unemployment, female (% of female labor force) (national estimate)",SL.UEM.TOTL.FE.NE.ZS,8.708587932,8.951796651,8.843930179,9.086518908,9.245906894,8.973561327,8.661525994,8.241028844,7.599161331,7.016033164
Europe & Central Asia (excluding high income),ECA,"Unemployment, female (% of female labor force) (national estimate)",SL.UEM.TOTL.FE.NE.ZS,8.48604755,8.167400885,7.509042286,6.843289389,6.966412314,6.927506143,7.406903721,7.440367923,7.162404741,6.815348733
Europe & Central Asia (IDA & IBRD countries),TEC,"Unemployment, female (% of female labor force) (national estimate)",SL.UEM.TOTL.FE.NE.ZS,8.525715474,8.392841067,7.897532387,7.393247591,7.467095256,7.327863376,7.54173182,7.383278218,6.992164409,6.535104715
European Union,EUU,"Unemployment, female (% of female labor force) (national estimate)",SL.UEM.TOTL.FE.NE.ZS,8.875493739,9.522324168,9.707708956,10.48153284,10.86529503,10.32145613,9.484955389,8.73533827,7.84332178,7.067142256
Fragile and conflict affected situations,FCS,"Unemployment, female (% of female labor force) (national estimate)",SL.UEM.TOTL.FE.NE.ZS,..,..,..,..,..,..,..,..,..,..
Heavily indebted poor countries (HIPC),HPC,"Unemployment, female (% of female labor force) (national estimate)",SL.UEM.TOTL.FE.NE.ZS,..,..,..,..,..,..,..,..,..,..
High income,HIC,"Unemployment, female (% of female labor force) (national estimate)",SL.UEM.TOTL.FE.NE.ZS,7.751121245,8.180366995,8.121140748,8.292498021,8.15824385,7.606522898,6.958059942,6.490047814,5.926673378,5.454409451
IBRD only,IBD,"Unemployment, female (% of female labor force) (national estimate)",SL.UEM.TOTL.FE.NE.ZS,..,..,..,..,..,..,..,..,..,..
IDA & IBRD total,IBT,"Unemployment, female (% of female labor force) (national estimate)",SL.UEM.TOTL.FE.NE.ZS,..,..,..,..,..,..,..,..,..,..
IDA blend,IDB,"Unemployment, female (% of female labor force) (national estimate)",SL.UEM.TOTL.FE.NE.ZS,..,..,2.943443103,..,3.460673366,4.87882234,5.485842061,..,..,..
IDA only,IDX,"Unemployment, female (% of female labor force) (national estimate)",SL.UEM.TOTL.FE.NE.ZS,..,..,..,..,..,..,..,..,..,..
IDA total,IDA,"Unemployment, female (% of female labor force) (national estimate)",SL.UEM.TOTL.FE.NE.ZS,..,..,..,..,..,..,..,..,..,..
Late-demographic dividend,LTE,"Unemployment, female (% of female labor force) (national estimate)",SL.UEM.TOTL.FE.NE.ZS,..,..,..,..,..,..,..,..,..,..
Latin America & Caribbean,LCN,"Unemployment, female (% of female labor force) (national estimate)",SL.UEM.TOTL.FE.NE.ZS,9.447700639,..,8.243231089,..,..,..,..,9.900032936,10.46055252,9.974224832
Latin America & Caribbean (excluding high income),LAC,"Unemployment, female (% of female labor force) (national estimate)",SL.UEM.TOTL.FE.NE.ZS,9.430035488,..,8.256460978,..,..,..,..,10.09189748,10.51238741,10.08526712
Latin America & the Caribbean (IDA & IBRD countries),TLA,"Unemployment, female (% of female labor force) (national estimate)",SL.UEM.TOTL.FE.NE.ZS,9.584069655,..,8.312044749,..,..,..,..,9.894740545,10.46055252,9.974224832
Least developed countries: UN classification,LDC,"Unemployment, female (% of female labor force) (national estimate)",SL.UEM.TOTL.FE.NE.ZS,..,..,..,..,..,..,..,..,..,..
Low & middle income,LMY,"Unemployment, female (% of female labor force) (national estimate)",SL.UEM.TOTL.FE.NE.ZS,..,..,..,..,..,..,..,..,..,..
Low income,LIC,"Unemployment, female (% of female labor force) (national estimate)",SL.UEM.TOTL.FE.NE.ZS,..,..,..,..,..,..,..,..,..,..
Lower middle income,LMC,"Unemployment, female (% of female labor force) (national estimate)",SL.UEM.TOTL.FE.NE.ZS,..,4.248487669,..,4.429900583,..,..,..,..,..,4.840118805
Middle East & North Africa,MEA,"Unemployment, female (% of female labor force) (national estimate)",SL.UEM.TOTL.FE.NE.ZS,17.58603167,18.6846581,..,18.56841336,18.4900562,18.32607303,18.39662101,18.24932978,20.51278839,..
Middle East & North Africa (excluding high income),MNA,"Unemployment, female (% of female labor force) (national estimate)",SL.UEM.TOTL.FE.NE.ZS,18.8930409,20.43320674,..,19.67016396,19.69756247,19.9368795,20.18985889,20.63645705,23.48322012,..
Middle East & North Africa (IDA & IBRD countries),TMN,"Unemployment, female (% of female labor force) (national estimate)",SL.UEM.TOTL.FE.NE.ZS,18.82682016,20.37824433,..,19.53058032,19.51945313,19.69383156,19.93253963,20.33279563,23.1136931,..
Middle income,MIC,"Unemployment, female (% of female labor force) (national estimate)",SL.UEM.TOTL.FE.NE.ZS,..,..,..,..,..,..,..,..,..,..
North America,NAC,"Unemployment, female (% of female labor force) (national estimate)",SL.UEM.TOTL.FE.NE.ZS,7.954752138,8.469718524,8.302826003,7.774159336,7.022068625,6.097156899,5.30198963,4.950713996,4.480807937,4.023878744
Not classified,INX,"Unemployment, female (% of female labor force) (national estimate)",SL.UEM.TOTL.FE.NE.ZS,..,..,..,..,..,..,..,..,..,..
OECD members,OED,"Unemployment, female (% of female labor force) (national estimate)",SL.UEM.TOTL.FE.NE.ZS,7.683230325,8.066830293,7.943775179,8.040505612,7.958803658,7.479246129,6.872753336,6.451510473,5.927472281,5.450342869
Other small states,OSS,"Unemployment, female (% of female labor force) (national estimate)",SL.UEM.TOTL.FE.NE.ZS,..,..,..,..,..,..,..,..,..,..
Pacific island small states,PSS,"Unemployment, female (% of female labor force) (national estimate)",SL.UEM.TOTL.FE.NE.ZS,..,..,..,..,..,..,..,..,..,..
Post-demographic dividend,PST,"Unemployment, female (% of female labor force) (national estimate)",SL.UEM.TOTL.FE.NE.ZS,7.544069971,7.945272758,7.86225726,8.011627564,7.813778821,7.376902732,6.794249735,6.414864351,5.887951009,5.376469003
Pre-demographic dividend,PRE,"Unemployment, female (% of female labor force) (national estimate)",SL.UEM.TOTL.FE.NE.ZS,..,..,..,..,..,..,..,..,..,..
Small states,SST,"Unemployment, female (% of female labor force) (national estimate)",SL.UEM.TOTL.FE.NE.ZS,..,..,..,..,..,..,..,..,..,..
South Asia,SAS,"Unemployment, female (% of female labor force) (national estimate)",SL.UEM.TOTL.FE.NE.ZS,..,2.757535164,..,3.165207093,..,..,..,..,..,5.207420513
South Asia (IDA & IBRD),TSA,"Unemployment, female (% of female labor force) (national estimate)",SL.UEM.TOTL.FE.NE.ZS,..,2.757535164,..,3.165207093,..,..,..,..,..,5.207420513
Sub-Saharan Africa,SSF,"Unemployment, female (% of female labor force) (national estimate)",SL.UEM.TOTL.FE.NE.ZS,..,..,..,..,..,..,..,..,..,..
Sub-Saharan Africa (excluding high income),SSA,"Unemployment, female (% of female labor force) (national estimate)",SL.UEM.TOTL.FE.NE.ZS,..,..,..,..,..,..,..,..,..,..
Sub-Saharan Africa (IDA & IBRD countries),TSS,"Unemployment, female (% of female labor force) (national estimate)",SL.UEM.TOTL.FE.NE.ZS,..,..,..,..,..,..,..,..,..,..
Upper middle income,UMC,"Unemployment, female (% of female labor force) (national estimate)",SL.UEM.TOTL.FE.NE.ZS,..,..,..,..,..,..,..,..,..,..
World,WLD,"Unemployment, female (% of female labor force) (national estimate)",SL.UEM.TOTL.FE.NE.ZS,..,..,..,..,..,..,..,..,..,..
,,,,,,,,,,,,,
,,,,,,,,,,,,,
,,,,,,,,,,,,,
Data from database: World Development Indicators,,,,,,,,,,,,,
Last Updated: 10/28/2019,,,,,,,,,,,,,
